[{"pk": 1, "model": "reporters.role", "fields": {"patterns": [4], "code": "WF", "name": "Ward Focal Person"}}, {"pk": 2, "model": "reporters.role", "fields": {"patterns": [4], "code": "LC", "name": "LGA Chairman"}}, {"pk": 3, "model": "reporters.role", "fields": {"patterns": [4], "code": "LD", "name": "LGA Director"}}, {"pk": 4, "model": "reporters.role", "fields": {"patterns": [4], "code": "LI", "name": "Local Immunization Officer"}}, {"pk": 5, "model": "reporters.role", "fields": {"patterns": [4], "code": "LH", "name": "LGA Health Educator"}}, {"pk": 6, "model": "reporters.role", "fields": {"patterns": [4], "code": "ST", "name": "State Technical Facilitator"}}, {"pk": 7, "model": "reporters.role", "fields": {"patterns": [4], "code": "SI", "name": "State Immunization Officer"}}, {"pk": 8, "model": "reporters.role", "fields": {"patterns": [4], "code": "SC", "name": "State Cold Chain Officer"}}, {"pk": 1, "model": "reporters.locationtype", "fields": {"name": "Country"}}, {"pk": 2, "model": "reporters.locationtype", "fields": {"name": "State"}}, {"pk": 3, "model": "reporters.locationtype", "fields": {"name": "LGA"}}, {"pk": 4, "model": "reporters.locationtype", "fields": {"name": "Ward"}}, {"pk": 1, "model": "reporters.location", "fields": {"rght": 110, "code": "08", "name": "BORNO", "parent": null, "level": 0, "longitude": null, "lft": 1, "tree_id": 1, "latitude": null, "type": 2}}, {"pk": 2, "model": "reporters.location", "fields": {"rght": 109, "code": "0801", "name": "ABADAN", "parent": 1, "level": 1, "longitude": null, "lft": 108, "tree_id": 1, "latitude": null, "type": 3}}, {"pk": 3, "model": "reporters.location", "fields": {"rght": 107, "code": "0802", "name": "ASKIRA-UBA", "parent": 1, "level": 1, "longitude": null, "lft": 106, "tree_id": 1, "latitude": null, "type": 3}}, {"pk": 4, "model": "reporters.location", "fields": {"rght": 105, "code": "0803", "name": "BAMA", "parent": 1, "level": 1, "longitude": null, "lft": 104, "tree_id": 1, "latitude": null, "type": 3}}, {"pk": 5, "model": "reporters.location", "fields": {"rght": 103, "code": "0804", "name": "BAYO", "parent": 1, "level": 1, "longitude": null, "lft": 102, "tree_id": 1, "latitude": null, "type": 3}}, {"pk": 6, "model": "reporters.location", "fields": {"rght": 101, "code": "0805", "name": "BIU", "parent": 1, "level": 1, "longitude": null, "lft": 100, "tree_id": 1, "latitude": null, "type": 3}}, {"pk": 7, "model": "reporters.location", "fields": {"rght": 99, "code": "0806", "name": "CHIBOK", "parent": 1, "level": 1, "longitude": null, "lft": 98, "tree_id": 1, "latitude": null, "type": 3}}, {"pk": 8, "model": "reporters.location", "fields": {"rght": 97, "code": "0807", "name": "DAMBOA", "parent": 1, "level": 1, "longitude": null, "lft": 96, "tree_id": 1, "latitude": null, "type": 3}}, {"pk": 9, "model": "reporters.location", "fields": {"rght": 95, "code": "0808", "name": "DIKWA", "parent": 1, "level": 1, "longitude": null, "lft": 94, "tree_id": 1, "latitude": null, "type": 3}}, {"pk": 10, "model": "reporters.location", "fields": {"rght": 93, "code": "0809", "name": "GUBIO", "parent": 1, "level": 1, "longitude": null, "lft": 92, "tree_id": 1, "latitude": null, "type": 3}}, {"pk": 11, "model": "reporters.location", "fields": {"rght": 91, "code": "0810", "name": "GUZAMALA", "parent": 1, "level": 1, "longitude": null, "lft": 90, "tree_id": 1, "latitude": null, "type": 3}}, {"pk": 12, "model": "reporters.location", "fields": {"rght": 89, "code": "0811", "name": "GWOZA", "parent": 1, "level": 1, "longitude": null, "lft": 88, "tree_id": 1, "latitude": null, "type": 3}}, {"pk": 13, "model": "reporters.location", "fields": {"rght": 87, "code": "0812", "name": "HAWUL", "parent": 1, "level": 1, "longitude": null, "lft": 86, "tree_id": 1, "latitude": null, "type": 3}}, {"pk": 14, "model": "reporters.location", "fields": {"rght": 85, "code": "0813", "name": "JERE", "parent": 1, "level": 1, "longitude": null, "lft": 60, "tree_id": 1, "latitude": null, "type": 3}}, {"pk": 15, "model": "reporters.location", "fields": {"rght": 59, "code": "0814", "name": "KAGA", "parent": 1, "level": 1, "longitude": null, "lft": 58, "tree_id": 1, "latitude": null, "type": 3}}, {"pk": 16, "model": "reporters.location", "fields": {"rght": 57, "code": "0815", "name": "KALA/BALGE", "parent": 1, "level": 1, "longitude": null, "lft": 56, "tree_id": 1, "latitude": null, "type": 3}}, {"pk": 17, "model": "reporters.location", "fields": {"rght": 55, "code": "0816", "name": "KUKAWA", "parent": 1, "level": 1, "longitude": null, "lft": 54, "tree_id": 1, "latitude": null, "type": 3}}, {"pk": 18, "model": "reporters.location", "fields": {"rght": 53, "code": "0817", "name": "KONDUGA", "parent": 1, "level": 1, "longitude": null, "lft": 52, "tree_id": 1, "latitude": null, "type": 3}}, {"pk": 19, "model": "reporters.location", "fields": {"rght": 51, "code": "0818", "name": "KWAYA-KUSAR", "parent": 1, "level": 1, "longitude": null, "lft": 50, "tree_id": 1, "latitude": null, "type": 3}}, {"pk": 20, "model": "reporters.location", "fields": {"rght": 49, "code": "0819", "name": "MAFA", "parent": 1, "level": 1, "longitude": null, "lft": 48, "tree_id": 1, "latitude": null, "type": 3}}, {"pk": 21, "model": "reporters.location", "fields": {"rght": 47, "code": "0820", "name": "MAGUMERI", "parent": 1, "level": 1, "longitude": null, "lft": 46, "tree_id": 1, "latitude": null, "type": 3}}, {"pk": 22, "model": "reporters.location", "fields": {"rght": 45, "code": "0821", "name": "MAIDUGURI", "parent": 1, "level": 1, "longitude": null, "lft": 14, "tree_id": 1, "latitude": null, "type": 3}}, {"pk": 23, "model": "reporters.location", "fields": {"rght": 13, "code": "0822", "name": "MARTE", "parent": 1, "level": 1, "longitude": null, "lft": 12, "tree_id": 1, "latitude": null, "type": 3}}, {"pk": 24, "model": "reporters.location", "fields": {"rght": 11, "code": "0823", "name": "MOBBAR", "parent": 1, "level": 1, "longitude": null, "lft": 10, "tree_id": 1, "latitude": null, "type": 3}}, {"pk": 25, "model": "reporters.location", "fields": {"rght": 9, "code": "0824", "name": "MONGUNO", "parent": 1, "level": 1, "longitude": null, "lft": 8, "tree_id": 1, "latitude": null, "type": 3}}, {"pk": 26, "model": "reporters.location", "fields": {"rght": 7, "code": "0825", "name": "NGALA", "parent": 1, "level": 1, "longitude": null, "lft": 6, "tree_id": 1, "latitude": null, "type": 3}}, {"pk": 27, "model": "reporters.location", "fields": {"rght": 5, "code": "0826", "name": "NGANZAI", "parent": 1, "level": 1, "longitude": null, "lft": 4, "tree_id": 1, "latitude": null, "type": 3}}, {"pk": 28, "model": "reporters.location", "fields": {"rght": 3, "code": "0827", "name": "SHANI", "parent": 1, "level": 1, "longitude": null, "lft": 2, "tree_id": 1, "latitude": null, "type": 3}}, {"pk": 29, "model": "reporters.location", "fields": {"rght": 62, "code": "081301", "name": "ALAU", "parent": 14, "level": 2, "longitude": null, "lft": 61, "tree_id": 1, "latitude": null, "type": 4}}, {"pk": 30, "model": "reporters.location", "fields": {"rght": 64, "code": "081302", "name": "DALA", "parent": 14, "level": 2, "longitude": null, "lft": 63, "tree_id": 1, "latitude": null, "type": 4}}, {"pk": 31, "model": "reporters.location", "fields": {"rght": 66, "code": "081303", "name": "DUSUMAN", "parent": 14, "level": 2, "longitude": null, "lft": 65, "tree_id": 1, "latitude": null, "type": 4}}, {"pk": 32, "model": "reporters.location", "fields": {"rght": 68, "code": "081304", "name": "GALTIMARI", "parent": 14, "level": 2, "longitude": null, "lft": 67, "tree_id": 1, "latitude": null, "type": 4}}, {"pk": 33, "model": "reporters.location", "fields": {"rght": 70, "code": "081305", "name": "GOMARI", "parent": 14, "level": 2, "longitude": null, "lft": 69, "tree_id": 1, "latitude": null, "type": 4}}, {"pk": 34, "model": "reporters.location", "fields": {"rght": 72, "code": "081306", "name": "GONGULONG", "parent": 14, "level": 2, "longitude": null, "lft": 71, "tree_id": 1, "latitude": null, "type": 4}}, {"pk": 35, "model": "reporters.location", "fields": {"rght": 74, "code": "081307", "name": "KHADDAMARI", "parent": 14, "level": 2, "longitude": null, "lft": 73, "tree_id": 1, "latitude": null, "type": 4}}, {"pk": 36, "model": "reporters.location", "fields": {"rght": 76, "code": "081308", "name": "MAIMUSARI", "parent": 14, "level": 2, "longitude": null, "lft": 75, "tree_id": 1, "latitude": null, "type": 4}}, {"pk": 37, "model": "reporters.location", "fields": {"rght": 78, "code": "081309", "name": "MAIRI", "parent": 14, "level": 2, "longitude": null, "lft": 77, "tree_id": 1, "latitude": null, "type": 4}}, {"pk": 38, "model": "reporters.location", "fields": {"rght": 80, "code": "081310", "name": "MASHAMARI", "parent": 14, "level": 2, "longitude": null, "lft": 79, "tree_id": 1, "latitude": null, "type": 4}}, {"pk": 39, "model": "reporters.location", "fields": {"rght": 82, "code": "081311", "name": "OLD MAIDUGURI", "parent": 14, "level": 2, "longitude": null, "lft": 81, "tree_id": 1, "latitude": null, "type": 4}}, {"pk": 40, "model": "reporters.location", "fields": {"rght": 84, "code": "081312", "name": "TUBA", "parent": 14, "level": 2, "longitude": null, "lft": 83, "tree_id": 1, "latitude": null, "type": 4}}, {"pk": 41, "model": "reporters.location", "fields": {"rght": 16, "code": "082101", "name": "BOLORI I", "parent": 22, "level": 2, "longitude": null, "lft": 15, "tree_id": 1, "latitude": null, "type": 4}}, {"pk": 42, "model": "reporters.location", "fields": {"rght": 18, "code": "082102", "name": "BOLORI II", "parent": 22, "level": 2, "longitude": null, "lft": 17, "tree_id": 1, "latitude": null, "type": 4}}, {"pk": 43, "model": "reporters.location", "fields": {"rght": 20, "code": "082103", "name": "BULABULIN", "parent": 22, "level": 2, "longitude": null, "lft": 19, "tree_id": 1, "latitude": null, "type": 4}}, {"pk": 44, "model": "reporters.location", "fields": {"rght": 22, "code": "082104", "name": "FEZZAN", "parent": 22, "level": 2, "longitude": null, "lft": 21, "tree_id": 1, "latitude": null, "type": 4}}, {"pk": 45, "model": "reporters.location", "fields": {"rght": 24, "code": "082105", "name": "GAMBORU", "parent": 22, "level": 2, "longitude": null, "lft": 23, "tree_id": 1, "latitude": null, "type": 4}}, {"pk": 46, "model": "reporters.location", "fields": {"rght": 26, "code": "082106", "name": "GWANGE I", "parent": 22, "level": 2, "longitude": null, "lft": 25, "tree_id": 1, "latitude": null, "type": 4}}, {"pk": 47, "model": "reporters.location", "fields": {"rght": 28, "code": "082107", "name": "GWANGE II", "parent": 22, "level": 2, "longitude": null, "lft": 27, "tree_id": 1, "latitude": null, "type": 4}}, {"pk": 48, "model": "reporters.location", "fields": {"rght": 30, "code": "082108", "name": "GWANGE III", "parent": 22, "level": 2, "longitude": null, "lft": 29, "tree_id": 1, "latitude": null, "type": 4}}, {"pk": 49, "model": "reporters.location", "fields": {"rght": 32, "code": "082109", "name": "HAUSARI", "parent": 22, "level": 2, "longitude": null, "lft": 31, "tree_id": 1, "latitude": null, "type": 4}}, {"pk": 50, "model": "reporters.location", "fields": {"rght": 34, "code": "082110", "name": "LAMISULA", "parent": 22, "level": 2, "longitude": null, "lft": 33, "tree_id": 1, "latitude": null, "type": 4}}, {"pk": 51, "model": "reporters.location", "fields": {"rght": 36, "code": "082111", "name": "LIMANTI", "parent": 22, "level": 2, "longitude": null, "lft": 35, "tree_id": 1, "latitude": null, "type": 4}}, {"pk": 52, "model": "reporters.location", "fields": {"rght": 38, "code": "082112", "name": "MAFONI", "parent": 22, "level": 2, "longitude": null, "lft": 37, "tree_id": 1, "latitude": null, "type": 4}}, {"pk": 53, "model": "reporters.location", "fields": {"rght": 40, "code": "082113", "name": "MAISANDARI", "parent": 22, "level": 2, "longitude": null, "lft": 39, "tree_id": 1, "latitude": null, "type": 4}}, {"pk": 54, "model": "reporters.location", "fields": {"rght": 42, "code": "082114", "name": "SHEHURI NORTH", "parent": 22, "level": 2, "longitude": null, "lft": 41, "tree_id": 1, "latitude": null, "type": 4}}, {"pk": 55, "model": "reporters.location", "fields": {"rght": 44, "code": "082115", "name": "SHEHURI SOUTH", "parent": 22, "level": 2, "longitude": null, "lft": 43, "tree_id": 1, "latitude": null, "type": 4}}, {"pk": 1, "model": "reporters.reportergroup", "fields": {"rght": 2, "description": "Notifications for the IPD Campaign", "parent": null, "title": "ipd_notification", "level": 0, "lft": 1, "tree_id": 1}}, {"pk": 37, "model": "reporters.reporter", "fields": {"first_name": "GRACE", "last_name": "ADENIYI", "language": "", "registered_self": false, "alias": "gadeniyi", "role": 6, "location": 14, "groups": [1]}}, {"pk": 35, "model": "reporters.reporter", "fields": {"first_name": "MALLAM", "last_name": "BALARABE", "language": "", "registered_self": false, "alias": "mbalarabe", "role": 5, "location": 14, "groups": [1]}}, {"pk": 20, "model": "reporters.reporter", "fields": {"first_name": "AMINU", "last_name": "BUKAR", "language": "", "registered_self": false, "alias": "abukar", "role": 1, "location": 48, "groups": []}}, {"pk": 15, "model": "reporters.reporter", "fields": {"first_name": "HALIMA", "last_name": "GALADIMA", "language": "", "registered_self": false, "alias": "hgaladima", "role": 1, "location": 43, "groups": []}}, {"pk": 30, "model": "reporters.reporter", "fields": {"first_name": "HADIZA", "last_name": "GANA", "language": "", "registered_self": false, "alias": "hgana", "role": 3, "location": 22, "groups": [1]}}, {"pk": 13, "model": "reporters.reporter", "fields": {"first_name": "MODU", "last_name": "GARE", "language": "", "registered_self": false, "alias": "mgare", "role": 1, "location": 41, "groups": []}}, {"pk": 29, "model": "reporters.reporter", "fields": {"first_name": "KASHIM", "last_name": "GREMA", "language": "", "registered_self": false, "alias": "kgrema", "role": 2, "location": 14, "groups": [1]}}, {"pk": 23, "model": "reporters.reporter", "fields": {"first_name": "BUKAR", "last_name": "GUBIO", "language": "", "registered_self": false, "alias": "bgubio", "role": 1, "location": 51, "groups": []}}, {"pk": 12, "model": "reporters.reporter", "fields": {"first_name": "UMAR", "last_name": "IBRAHIM", "language": "", "registered_self": false, "alias": "uibrahim", "role": 1, "location": 40, "groups": []}}, {"pk": 8, "model": "reporters.reporter", "fields": {"first_name": "BABAGANA", "last_name": "IDI", "language": "", "registered_self": false, "alias": "bidi", "role": 1, "location": 36, "groups": []}}, {"pk": 1, "model": "reporters.reporter", "fields": {"first_name": "BABAGANA", "last_name": "ISA", "language": "", "registered_self": false, "alias": "bisa", "role": 1, "location": 29, "groups": []}}, {"pk": 9, "model": "reporters.reporter", "fields": {"first_name": "HANNATU", "last_name": "KAMBA", "language": "", "registered_self": false, "alias": "hkamba", "role": 1, "location": 37, "groups": []}}, {"pk": 36, "model": "reporters.reporter", "fields": {"first_name": "SHETIMA", "last_name": "KASHIM", "language": "", "registered_self": false, "alias": "skashim", "role": 6, "location": 22, "groups": [1]}}, {"pk": 28, "model": "reporters.reporter", "fields": {"first_name": "BAKARI", "last_name": "KOTOKO", "language": "", "registered_self": false, "alias": "bkotoko", "role": 2, "location": 22, "groups": [1]}}, {"pk": 27, "model": "reporters.reporter", "fields": {"first_name": "ALI", "last_name": "KURA", "language": "", "registered_self": false, "alias": "akura", "role": 1, "location": 55, "groups": []}}, {"pk": 31, "model": "reporters.reporter", "fields": {"first_name": "ALHAJI", "last_name": "KYARI", "language": "", "registered_self": false, "alias": "akyari", "role": 3, "location": 14, "groups": [1]}}, {"pk": 11, "model": "reporters.reporter", "fields": {"first_name": "ALI", "last_name": "LAWAN", "language": "", "registered_self": false, "alias": "alawan", "role": 1, "location": 39, "groups": []}}, {"pk": 5, "model": "reporters.reporter", "fields": {"first_name": "SALAMATU", "last_name": "LAWAN", "language": "", "registered_self": false, "alias": "slawan", "role": 1, "location": 33, "groups": []}}, {"pk": 14, "model": "reporters.reporter", "fields": {"first_name": "ZARA", "last_name": "MA'AJI", "language": "", "registered_self": false, "alias": "zmaaji", "role": 1, "location": 42, "groups": []}}, {"pk": 4, "model": "reporters.reporter", "fields": {"first_name": "YAKURA", "last_name": "MAI", "language": "", "registered_self": false, "alias": "ymai", "role": 1, "location": 32, "groups": []}}, {"pk": 6, "model": "reporters.reporter", "fields": {"first_name": "NANAMI", "last_name": "MODU", "language": "", "registered_self": false, "alias": "nmodu", "role": 1, "location": 34, "groups": []}}, {"pk": 16, "model": "reporters.reporter", "fields": {"first_name": "LEMSU", "last_name": "MOHAMMED", "language": "", "registered_self": false, "alias": "lmohammed", "role": 1, "location": 44, "groups": []}}, {"pk": 26, "model": "reporters.reporter", "fields": {"first_name": "ABBA", "last_name": "MUHAMMAD", "language": "", "registered_self": false, "alias": "amuhammad", "role": 1, "location": 54, "groups": []}}, {"pk": 18, "model": "reporters.reporter", "fields": {"first_name": "MOHAMMED", "last_name": "MUKTAR", "language": "", "registered_self": false, "alias": "mmuktar", "role": 1, "location": 46, "groups": []}}, {"pk": 33, "model": "reporters.reporter", "fields": {"first_name": "ALI", "last_name": "MUSA", "language": "", "registered_self": false, "alias": "amusa", "role": 4, "location": 14, "groups": [1]}}, {"pk": 32, "model": "reporters.reporter", "fields": {"first_name": "BUKAR", "last_name": "MUSTAPHA", "language": "", "registered_self": false, "alias": "bmustapha", "role": 4, "location": 22, "groups": [1]}}, {"pk": 22, "model": "reporters.reporter", "fields": {"first_name": "BONI", "last_name": "PAUL", "language": "", "registered_self": false, "alias": "bpaul", "role": 1, "location": 50, "groups": []}}, {"pk": 2, "model": "reporters.reporter", "fields": {"first_name": "HALFA", "last_name": "SHUWA", "language": "", "registered_self": false, "alias": "hshuwa", "role": 1, "location": 30, "groups": []}}, {"pk": 34, "model": "reporters.reporter", "fields": {"first_name": "ISIAKA", "last_name": "SHUWA", "language": "", "registered_self": false, "alias": "ishuwa", "role": 5, "location": 22, "groups": [1]}}, {"pk": 24, "model": "reporters.reporter", "fields": {"first_name": "ABBA", "last_name": "TIJANI", "language": "", "registered_self": false, "alias": "atijani", "role": 1, "location": 52, "groups": []}}, {"pk": 17, "model": "reporters.reporter", "fields": {"first_name": "MOHAMMED", "last_name": "TIJANI", "language": "", "registered_self": false, "alias": "mtijani", "role": 1, "location": 45, "groups": []}}, {"pk": 21, "model": "reporters.reporter", "fields": {"first_name": "MOHAMMED", "last_name": "USMAN", "language": "", "registered_self": false, "alias": "musman", "role": 1, "location": 49, "groups": []}}, {"pk": 25, "model": "reporters.reporter", "fields": {"first_name": "BABA", "last_name": "WAZIRI", "language": "", "registered_self": false, "alias": "bwaziri", "role": 1, "location": 53, "groups": []}}, {"pk": 3, "model": "reporters.reporter", "fields": {"first_name": "FALMATA", "last_name": "WAZIRI", "language": "", "registered_self": false, "alias": "fwaziri", "role": 1, "location": 31, "groups": []}}, {"pk": 7, "model": "reporters.reporter", "fields": {"first_name": "JUMMAI", "last_name": "YERIMA", "language": "", "registered_self": false, "alias": "jyerima", "role": 1, "location": 35, "groups": []}}, {"pk": 19, "model": "reporters.reporter", "fields": {"first_name": "ABBA", "last_name": "YUSUF", "language": "", "registered_self": false, "alias": "ayusuf", "role": 1, "location": 47, "groups": []}}, {"pk": 10, "model": "reporters.reporter", "fields": {"first_name": "ABBA", "last_name": "ZARMA", "language": "", "registered_self": false, "alias": "azarma", "role": 1, "location": 38, "groups": []}}, {"pk": 1, "model": "reporters.persistantbackend", "fields": {"slug": "spomc", "title": "spomc"}}, {"pk": 1, "model": "reporters.persistantconnection", "fields": {"last_seen": null, "reporter": 1, "identity": "+2348020966679", "backend": 1}}, {"pk": 2, "model": "reporters.persistantconnection", "fields": {"last_seen": null, "reporter": 1, "identity": "+2348068282658", "backend": 1}}, {"pk": 3, "model": "reporters.persistantconnection", "fields": {"last_seen": null, "reporter": 2, "identity": "+2348034155154", "backend": 1}}, {"pk": 4, "model": "reporters.persistantconnection", "fields": {"last_seen": null, "reporter": 3, "identity": "+2348036947259", "backend": 1}}, {"pk": 5, "model": "reporters.persistantconnection", "fields": {"last_seen": null, "reporter": 4, "identity": "+2348034116323", "backend": 1}}, {"pk": 6, "model": "reporters.persistantconnection", "fields": {"last_seen": null, "reporter": 4, "identity": "+234802330388", "backend": 1}}, {"pk": 7, "model": "reporters.persistantconnection", "fields": {"last_seen": null, "reporter": 5, "identity": "+2348028683608", "backend": 1}}, {"pk": 8, "model": "reporters.persistantconnection", "fields": {"last_seen": null, "reporter": 6, "identity": "+2348026804901", "backend": 1}}, {"pk": 9, "model": "reporters.persistantconnection", "fields": {"last_seen": null, "reporter": 6, "identity": "+2347063151687", "backend": 1}}, {"pk": 10, "model": "reporters.persistantconnection", "fields": {"last_seen": null, "reporter": 7, "identity": "+2348025523745", "backend": 1}}, {"pk": 11, "model": "reporters.persistantconnection", "fields": {"last_seen": null, "reporter": 8, "identity": "+2348067677112", "backend": 1}}, {"pk": 12, "model": "reporters.persistantconnection", "fields": {"last_seen": null, "reporter": 8, "identity": "+2348036102387", "backend": 1}}, {"pk": 13, "model": "reporters.persistantconnection", "fields": {"last_seen": null, "reporter": 9, "identity": "+2348025855037", "backend": 1}}, {"pk": 14, "model": "reporters.persistantconnection", "fields": {"last_seen": null, "reporter": 10, "identity": "+2347032808086", "backend": 1}}, {"pk": 15, "model": "reporters.persistantconnection", "fields": {"last_seen": null, "reporter": 10, "identity": "+2348088801018", "backend": 1}}, {"pk": 16, "model": "reporters.persistantconnection", "fields": {"last_seen": null, "reporter": 11, "identity": "+2348020678256", "backend": 1}}, {"pk": 17, "model": "reporters.persistantconnection", "fields": {"last_seen": null, "reporter": 12, "identity": "+2348023713023", "backend": 1}}, {"pk": 18, "model": "reporters.persistantconnection", "fields": {"last_seen": null, "reporter": 13, "identity": "+2348025840998", "backend": 1}}, {"pk": 19, "model": "reporters.persistantconnection", "fields": {"last_seen": null, "reporter": 13, "identity": "+2348036621637", "backend": 1}}, {"pk": 20, "model": "reporters.persistantconnection", "fields": {"last_seen": null, "reporter": 14, "identity": "+2348039671456", "backend": 1}}, {"pk": 21, "model": "reporters.persistantconnection", "fields": {"last_seen": null, "reporter": 14, "identity": "+2348088226565", "backend": 1}}, {"pk": 22, "model": "reporters.persistantconnection", "fields": {"last_seen": null, "reporter": 15, "identity": "+2348024106969", "backend": 1}}, {"pk": 23, "model": "reporters.persistantconnection", "fields": {"last_seen": null, "reporter": 15, "identity": "+2347036184130", "backend": 1}}, {"pk": 24, "model": "reporters.persistantconnection", "fields": {"last_seen": null, "reporter": 16, "identity": "+2348022621052", "backend": 1}}, {"pk": 25, "model": "reporters.persistantconnection", "fields": {"last_seen": null, "reporter": 17, "identity": "+2348027918206", "backend": 1}}, {"pk": 26, "model": "reporters.persistantconnection", "fields": {"last_seen": null, "reporter": 18, "identity": "+2348025252687", "backend": 1}}, {"pk": 27, "model": "reporters.persistantconnection", "fields": {"last_seen": null, "reporter": 18, "identity": "+2348035352347", "backend": 1}}, {"pk": 28, "model": "reporters.persistantconnection", "fields": {"last_seen": null, "reporter": 19, "identity": "+2347069110844", "backend": 1}}, {"pk": 29, "model": "reporters.persistantconnection", "fields": {"last_seen": null, "reporter": 19, "identity": "+2348025518833", "backend": 1}}, {"pk": 30, "model": "reporters.persistantconnection", "fields": {"last_seen": null, "reporter": 20, "identity": "+2347031202476", "backend": 1}}, {"pk": 31, "model": "reporters.persistantconnection", "fields": {"last_seen": null, "reporter": 21, "identity": "+2348023442024", "backend": 1}}, {"pk": 32, "model": "reporters.persistantconnection", "fields": {"last_seen": null, "reporter": 22, "identity": "+2348078101995", "backend": 1}}, {"pk": 33, "model": "reporters.persistantconnection", "fields": {"last_seen": null, "reporter": 22, "identity": "+2348068042132", "backend": 1}}, {"pk": 34, "model": "reporters.persistantconnection", "fields": {"last_seen": null, "reporter": 23, "identity": "+2348038032814", "backend": 1}}, {"pk": 35, "model": "reporters.persistantconnection", "fields": {"last_seen": null, "reporter": 24, "identity": "+2348027370182", "backend": 1}}, {"pk": 36, "model": "reporters.persistantconnection", "fields": {"last_seen": null, "reporter": 24, "identity": "+2348039256356", "backend": 1}}, {"pk": 37, "model": "reporters.persistantconnection", "fields": {"last_seen": null, "reporter": 25, "identity": "+2348022188880", "backend": 1}}, {"pk": 38, "model": "reporters.persistantconnection", "fields": {"last_seen": null, "reporter": 25, "identity": "+2348039256168", "backend": 1}}, {"pk": 39, "model": "reporters.persistantconnection", "fields": {"last_seen": null, "reporter": 26, "identity": "+2348027374847", "backend": 1}}, {"pk": 40, "model": "reporters.persistantconnection", "fields": {"last_seen": null, "reporter": 26, "identity": "+2348074747479", "backend": 1}}, {"pk": 41, "model": "reporters.persistantconnection", "fields": {"last_seen": null, "reporter": 27, "identity": "+2348027443558", "backend": 1}}, {"pk": 42, "model": "reporters.persistantconnection", "fields": {"last_seen": null, "reporter": 28, "identity": "+2348058855588", "backend": 1}}, {"pk": 43, "model": "reporters.persistantconnection", "fields": {"last_seen": null, "reporter": 29, "identity": "+2348051349338", "backend": 1}}, {"pk": 44, "model": "reporters.persistantconnection", "fields": {"last_seen": null, "reporter": 29, "identity": "+2348035964449", "backend": 1}}, {"pk": 45, "model": "reporters.persistantconnection", "fields": {"last_seen": null, "reporter": 30, "identity": "+2348028735346", "backend": 1}}, {"pk": 46, "model": "reporters.persistantconnection", "fields": {"last_seen": null, "reporter": 31, "identity": "+2348039775177", "backend": 1}}, {"pk": 47, "model": "reporters.persistantconnection", "fields": {"last_seen": null, "reporter": 31, "identity": "+2348026910208", "backend": 1}}, {"pk": 48, "model": "reporters.persistantconnection", "fields": {"last_seen": null, "reporter": 32, "identity": "+2348035745996", "backend": 1}}, {"pk": 49, "model": "reporters.persistantconnection", "fields": {"last_seen": null, "reporter": 33, "identity": "+2348032827729", "backend": 1}}, {"pk": 50, "model": "reporters.persistantconnection", "fields": {"last_seen": null, "reporter": 34, "identity": "+2348037457340", "backend": 1}}, {"pk": 51, "model": "reporters.persistantconnection", "fields": {"last_seen": null, "reporter": 35, "identity": "+2347039729080", "backend": 1}}, {"pk": 52, "model": "reporters.persistantconnection", "fields": {"last_seen": null, "reporter": 36, "identity": "+2348032473330", "backend": 1}}, {"pk": 53, "model": "reporters.persistantconnection", "fields": {"last_seen": null, "reporter": 37, "identity": "+2348036536871", "backend": 1}}]
